Josh,Long,jlong@gmail.coom
Kenny,Bastani,kBastani@email.com
Phil,Webb,pwebb@email.com
Dave,Syer,dsyer@email.com
Spencer,Gibb,sgibb@email.com
Juergen,Hoeller,jhoeller@email.com
